{
  "project_info": {
    "project_number": "19301368309",
    "firebase_url": "https://healthsenseai-bda8d-default-rtdb.firebaseio.com",
    "project_id": "healthsenseai-bda8d",
    "storage_bucket": "healthsenseai-bda8d.firebasestorage.app"
  },
  "client": [
    {
      "client_info": {
        "mobilesdk_app_id": "1:19301368309:android:004c4f0da78e41b5a4e0bc",
        "android_client_info": {
          "package_name": "com.example.healthsenseaigui"
        }
      },
      "oauth_client": [],
      "api_key": [
        {
          "current_key": "AIzaSyD99RoYfUnB4jOztFB1XPhM6kpzlXkovxs"
        }
      ],
      "services": {
        "appinvite_service": {
          "other_platform_oauth_client": []
        }
      }
    }
  ],
  "configuration_version": "1"
}