{"flutter":{"platforms":{"android":{"default":{"projectId":"healthsenseai-bda8d","appId":"1:19301368309:android:004c4f0da78e41b5a4e0bc","fileOutput":"android/app/google-services.json"}},"dart":{"lib/firebase_options.dart":{"projectId":"healthsenseai-bda8d","configurations":{"android":"1:19301368309:android:004c4f0da78e41b5a4e0bc","ios":"1:19301368309:ios:a79830365da1c6dea4e0bc","macos":"1:19301368309:ios:a79830365da1c6dea4e0bc","web":"1:19301368309:web:546a5983392bb695a4e0bc","windows":"1:19301368309:web:bf99bc5e969dade2a4e0bc"}}}}}}